gt,rep,day,Rt_lo,Rt_med,Rt_hi,rt_true
simulations,1,1,0.4599065363643092,1.0521787985964184,2.1547990508848844,0.8
simulations,1,2,0.5050363112181765,1.026222903478872,2.036645968036656,0.8142857142857143
simulations,1,3,0.5357584217095172,1.0376326653754382,1.8951637040894866,0.8285714285714286
simulations,1,4,0.5592326541342504,1.035857162577988,1.8126636326230365,0.8428571428571429
simulations,1,5,0.5658888185256036,1.0379320421048186,1.7692175579188474,0.8571428571428572
simulations,1,6,0.5988547053292962,1.0351364280481026,1.724353659865576,0.8714285714285714
simulations,1,7,0.619607549311477,1.0280341917417377,1.6822723568331157,0.8857142857142858
simulations,1,8,0.6397958061067994,1.022448653447503,1.6352125272223335,0.9
simulations,1,9,0.6580575127881088,1.0199911579110625,1.5667535777018036,0.9142857142857144
simulations,1,10,0.6648311373761572,1.0208205807188633,1.5383799274801064,0.9285714285714286
simulations,1,11,0.6828512917172809,1.02260935127482,1.5812193073875496,0.9428571428571428
simulations,1,12,0.7012869671514599,1.0236158892282297,1.557177645391769,0.9571428571428572
simulations,1,13,0.7166539938541079,1.0269835468532702,1.4940361730731944,0.9714285714285714
simulations,1,14,0.7163510056065433,1.0272746658740926,1.491637932946693,0.9857142857142858
simulations,1,15,0.7304194058566885,1.0290224163500366,1.4874627930194224,1.0
simulations,1,16,0.728516278818916,1.0287526185974767,1.479388579302075,1.0142857142857142
simulations,1,17,0.7477742294142965,1.0268051134598555,1.4415912162655609,1.0285714285714287
simulations,1,18,0.7238700479149343,1.0238575069121478,1.4144314501954705,1.042857142857143
simulations,1,19,0.7433581745100788,1.025634500965238,1.402942327986556,1.0571428571428572
simulations,1,20,0.7425783431235181,1.0271048585384013,1.4313971281444098,1.0714285714285714
simulations,1,21,0.7505683095125425,1.034972721434639,1.406202247847764,1.0857142857142859
simulations,1,22,0.7627761236289884,1.0260142659501068,1.3884783582852678,1.1
simulations,1,23,0.7688279480034496,1.0408741942687914,1.4117905504133843,1.1142857142857143
simulations,1,24,0.7621074144761004,1.0382448390090047,1.4178537087724112,1.1285714285714286
simulations,1,25,0.7590721907833138,1.046654085386292,1.4328275477090526,1.1428571428571428
simulations,1,26,0.7634295065785834,1.0460074345478592,1.4189362490438426,1.1571428571428573
simulations,1,27,0.7786469988670959,1.0524050964886746,1.3913786011613365,1.1714285714285715
simulations,1,28,0.7715411120427575,1.0603014092033414,1.3832459540898536,1.1857142857142857
simulations,1,29,0.7927787464439564,1.0691413759760602,1.399925514685434,1.2
simulations,1,30,0.825074302830842,1.0886844628876458,1.364342913286846,1.2142857142857142
simulations,1,31,0.8435438736377053,1.0928050212276212,1.3637653508057728,1.2285714285714286
simulations,1,32,0.8662163678092234,1.093230716941027,1.3766505963367055,1.2428571428571429
simulations,1,33,0.8899272855937066,1.1038452425753644,1.3568637598916256,1.2571428571428571
simulations,1,34,0.9166676761121312,1.125027423003348,1.3614663587247715,1.2714285714285714
simulations,1,35,0.9253947374224543,1.1248542517514712,1.3658981350372468,1.2857142857142856
simulations,1,36,0.9151750203062758,1.1248505829613484,1.3347406857093287,1.3
simulations,1,37,0.9141850298873194,1.1199443526011457,1.3187109018268415,1.3142857142857143
simulations,1,38,0.916251497023844,1.1169441947342102,1.3254246347495808,1.3285714285714287
simulations,1,39,0.9229837386157478,1.117334003149083,1.3142042230123046,1.342857142857143
simulations,1,40,0.937094661407853,1.1422212038332487,1.3344131994553183,1.3571428571428572
simulations,1,41,0.9723237664314396,1.1657407125017856,1.3708481033796318,1.3714285714285714
simulations,1,42,0.973930471964794,1.1761330553139144,1.3991424887477284,1.3857142857142857
simulations,1,43,0.9922782354140819,1.1838069143505636,1.390948682973049,1.4
simulations,1,44,0.9972860829318083,1.196000725713732,1.4038450753828506,1.4142857142857141
simulations,1,45,1.0096824202818455,1.2051658608318752,1.40703126957979,1.4285714285714286
simulations,1,46,1.0251664807677954,1.2276852474765092,1.4376998441314224,1.4428571428571428
simulations,1,47,1.0597861705230405,1.2491988246008745,1.4672180624028117,1.457142857142857
simulations,1,48,1.0752080380913251,1.2735981001504868,1.5151552560338373,1.4714285714285715
simulations,1,49,1.1042203778287503,1.286229401813216,1.5291042195634275,1.4857142857142858
simulations,1,50,1.0971970977756762,1.2847440496344822,1.542677060361742,1.5
simulations,1,51,1.0896044425658238,1.282967407471033,1.5188203381464276,1.486
simulations,1,52,1.0727985835596043,1.280287082331034,1.5122403338081167,1.472
simulations,1,53,1.0843211782476754,1.2905611720579808,1.528251449460652,1.458
simulations,1,54,1.0894344347085516,1.3005444366153103,1.5512630818492432,1.444
simulations,1,55,1.1098343529955188,1.308032251565486,1.5681693125984881,1.43
simulations,1,56,1.1263625064714693,1.3201193464744145,1.5648590770860153,1.416
simulations,1,57,1.1014035834107023,1.313593901860137,1.5432294356075666,1.402
simulations,1,58,1.0859988393209075,1.2976089281858643,1.506815939305167,1.388
simulations,1,59,1.065601475805106,1.2771788059931466,1.4977318599063962,1.374
simulations,1,60,1.0636349418663171,1.278760481791116,1.495857966762951,1.3599999999999999
simulations,1,61,1.0625519045932001,1.2846965678942006,1.5121065282300645,1.346
simulations,1,62,1.092830928733438,1.2900274487789778,1.531547125248491,1.332
simulations,1,63,1.090401527257556,1.2902346695186395,1.5433574144197462,1.318
simulations,1,64,1.0771451458304284,1.2762678178377442,1.5222686014154991,1.304
simulations,1,65,1.0493138355936578,1.2611625787888214,1.5073916532266496,1.29
simulations,1,66,1.0473245270109772,1.2442463121877356,1.4760618749537324,1.276
simulations,1,67,1.0430435066934935,1.23408871671717,1.459345179184212,1.262
simulations,1,68,1.0375894760080546,1.2290225659524023,1.448650215643439,1.248
simulations,1,69,1.041583435159073,1.2227176076681252,1.4498687308758926,1.234
simulations,1,70,1.0446034605378283,1.2108481482206082,1.4345065526315615,1.22
simulations,1,71,1.0130023363922929,1.192988721237557,1.4138493881108933,1.206
simulations,1,72,0.9692529851883231,1.1664896877440238,1.3798140152190157,1.192
simulations,1,73,0.9582669176312077,1.139228301453788,1.3483671155691712,1.178
simulations,1,74,0.9452378924903948,1.1153142244748784,1.3066946357054179,1.1640000000000001
simulations,1,75,0.920336520535771,1.1059258367753246,1.322052110948765,1.15
simulations,1,76,0.9214751344014231,1.0936610798709792,1.3134463692049034,1.1360000000000001
simulations,1,77,0.9125416731025887,1.0829318858252424,1.2891242702966386,1.122
simulations,1,78,0.9039381396316352,1.0573381554280339,1.2436485378776698,1.108
simulations,1,79,0.8669727476755391,1.0306400151676578,1.2181856307796748,1.094
simulations,1,80,0.8377209247063073,1.01607703597441,1.1860855411722278,1.08
simulations,1,81,0.827622589106391,0.9937723049266813,1.1534054801207212,1.066
simulations,1,82,0.8156857941106651,0.9879112227274991,1.1513309363062343,1.052
simulations,1,83,0.8216411905701557,0.9821325259233011,1.1683867892467263,1.038
simulations,1,84,0.8198776491753642,0.9766162673380359,1.1607265733527095,1.024
simulations,1,85,0.8005944314777256,0.957124550278572,1.1357397742579856,1.01
simulations,1,86,0.7837824644688487,0.935813807812035,1.104360451570329,0.996
simulations,1,87,0.7621481708527267,0.9230523419925927,1.0895447375693799,0.982
simulations,1,88,0.7611511426369205,0.9119456339225498,1.0834243245225585,0.9680000000000001
simulations,1,89,0.7736601029578858,0.9127715010820078,1.0811852334135454,0.9540000000000001
simulations,1,90,0.7656256390450951,0.9050317646723955,1.0939442926128213,0.94
simulations,1,91,0.7615466414574238,0.8984830756380409,1.0745954481421518,0.926
simulations,1,92,0.7506161377664193,0.8860536615107037,1.0577009696954165,0.912
simulations,1,93,0.732840596152461,0.8722409195462009,1.0287050987677815,0.898
simulations,1,94,0.7147008508532299,0.8573963073115733,1.0252305778614448,0.884
simulations,1,95,0.7051556129613203,0.8418611022014963,1.0143225389694337,0.8700000000000001
simulations,1,96,0.7006362198259108,0.8382834058497495,0.9873785724131765,0.8560000000000001
simulations,1,97,0.7005091677098239,0.8391890322192548,0.9971753165853484,0.8420000000000001
simulations,1,98,0.7129106305335384,0.8354433490325315,1.0051106662041573,0.8280000000000001
simulations,1,99,0.6970081687683019,0.8306444459465345,0.9933485950746032,0.8140000000000001
simulations,1,100,0.6809538277411655,0.818050969492615,0.9762113905476707,0.8
simulations,1,101,0.6672168695271609,0.8064593339489867,0.9376300720939615,0.8
simulations,1,102,0.6643951458073478,0.8025924344807254,0.9539760607785106,0.8
simulations,1,103,0.6742959635651948,0.8079479100499383,0.9396541842385272,0.8
simulations,1,104,0.6708622558138486,0.8099218643393917,0.9619970206953901,0.8
simulations,1,105,0.6753323722643163,0.8066578951571517,0.9599452142706177,0.8
simulations,1,106,0.6717719010955708,0.8054911173294854,0.9528046820003567,0.8
simulations,1,107,0.6714825538594179,0.8045837263973784,0.9347181086252498,0.8
simulations,1,108,0.6629678312232202,0.802372418265988,0.934513705110667,0.8
simulations,1,109,0.6734353515106071,0.8052590196419904,0.9468250548363207,0.8
simulations,1,110,0.673219443514598,0.8116574135075972,0.9612048884675516,0.8
simulations,1,111,0.6904086708580828,0.8265113875640275,0.9915002874468172,0.8
simulations,1,112,0.7021878525176978,0.8318076656482352,1.0097940490860247,0.8
simulations,1,113,0.7033763491958757,0.8336054931747252,1.0151731359963254,0.8
simulations,1,114,0.6985118527822208,0.8298342984334456,0.9975558035958729,0.8
simulations,1,115,0.6919315940540564,0.8288408176666271,0.9884166500780313,0.8
simulations,1,116,0.6991617865113287,0.8307790755041689,0.9866438918512525,0.8
simulations,1,117,0.7045641942818485,0.8357726137862402,0.9887033722498234,0.8
simulations,1,118,0.6995520319102967,0.841743559807333,0.9897890320471208,0.8
simulations,1,119,0.7169702676192629,0.8436035305167213,0.9776294219062555,0.8
simulations,1,120,0.7154281143183955,0.8499485002560214,0.9930959166194201,0.8
simulations,1,121,0.6944253218650779,0.8442204833015154,1.0055079357934629,0.8
simulations,1,122,0.6977550220547515,0.8494804558294119,1.0064158542786723,0.8
simulations,1,123,0.7034479432149567,0.8462889029056802,0.9955810252217576,0.8
simulations,1,124,0.7176978459318375,0.8524878266294821,1.0213483172830533,0.8
simulations,1,125,0.7352779729729859,0.8582136238778475,1.0324934603660565,0.8
simulations,1,126,0.7304205039261094,0.8666168727461603,1.0380359096943899,0.8
simulations,1,127,0.7350426155404723,0.8677790108820771,1.0309806130963446,0.8
simulations,1,128,0.7183993795687815,0.8677693666216446,1.0368634727335997,0.8
simulations,1,129,0.7240945597048616,0.8668115806648735,1.020731768455808,0.8
simulations,1,130,0.7174356386043603,0.866433260724871,1.024022944764828,0.8
simulations,1,131,0.7382418567910772,0.8757201848909065,1.047543066652449,0.8
simulations,1,132,0.7499059536654624,0.8816539777662957,1.0473899643920457,0.8
simulations,1,133,0.7431485764959199,0.8770626292512704,1.075340926983276,0.8
simulations,1,134,0.740893202598423,0.8789989074250328,1.0428151190496469,0.8
simulations,1,135,0.7188691677590097,0.8704148238517357,1.0367871038438363,0.8
simulations,1,136,0.7215521814923957,0.8651630119372978,1.0376099250092168,0.8
simulations,1,137,0.7165961805942671,0.8674389008255539,1.033293514970757,0.8
simulations,1,138,0.7275192762953453,0.8670513888595133,1.045458223191056,0.8
simulations,1,139,0.735506769376204,0.8816612589797621,1.0669003473261938,0.8
simulations,1,140,0.7340113948121934,0.8835320783821508,1.0598018063041441,0.8
simulations,1,141,0.7325877837512698,0.8914282904203281,1.0851809466924192,0.8
simulations,1,142,0.7274452177663867,0.8907394824431343,1.0831141328462364,0.8
simulations,1,143,0.729641763325816,0.8904221424789607,1.0821004334590292,0.8
simulations,1,144,0.7172425318465121,0.895963154616059,1.0939015021283958,0.8
simulations,1,145,0.724451108275427,0.9006603209536292,1.1142588952365355,0.8
simulations,1,146,0.7367546799894118,0.9157483545149528,1.1561027145740572,0.8
simulations,1,147,0.7281141546343982,0.9266599457550004,1.1894499465637112,0.8
simulations,1,148,0.7290086604480218,0.9377876568773881,1.2008469812785847,0.8
simulations,1,149,0.7210456273691128,0.9391390117079386,1.2448063429417529,0.8
simulations,1,150,0.725959374068423,0.9431648643155355,1.2600789461507906,0.8
simulations,2,1,0.46993401267620244,0.9482732371068616,2.0473618922656907,0.8
simulations,2,2,0.4834267791733194,0.955230639048982,1.9349102059771923,0.8142857142857143
simulations,2,3,0.5070547633545985,0.9591772974637884,1.7780358144472443,0.8285714285714286
simulations,2,4,0.5381229427569072,0.9518715087586653,1.6970953053588067,0.8428571428571429
simulations,2,5,0.5733133587893448,0.9591431413675917,1.6397065219189255,0.8571428571428572
simulations,2,6,0.575798815640179,0.957824827368323,1.6017737948495103,0.8714285714285714
simulations,2,7,0.5971400923076486,0.9611332942416851,1.5473826655599714,0.8857142857142858
simulations,2,8,0.6088632795072152,0.9669391062004417,1.544818888727482,0.9
simulations,2,9,0.6155645309948045,0.9576725472919267,1.528903157761782,0.9142857142857144
simulations,2,10,0.6197596098252277,0.971132268410053,1.5061720471715305,0.9285714285714286
simulations,2,11,0.6167801007443054,0.9677493658684917,1.4810413238895743,0.9428571428571428
simulations,2,12,0.6295663804330291,0.9762478294764362,1.4648710248860617,0.9571428571428572
simulations,2,13,0.6526987130440435,0.9696795832641956,1.451977146857591,0.9714285714285714
simulations,2,14,0.6457415144513028,0.9655935577817274,1.5044483479810153,0.9857142857142858
simulations,2,15,0.6508552948227535,0.9726094878501117,1.4606872941547875,1.0
simulations,2,16,0.6390256792886366,0.966511969644289,1.4379302078187368,1.0142857142857142
simulations,2,17,0.6500609712030307,0.9693798165376429,1.4273991936398134,1.0285714285714287
simulations,2,18,0.6418432228712748,0.9650474991753297,1.4220586596002922,1.042857142857143
simulations,2,19,0.6673079008701838,0.9696598698655681,1.3941622018756081,1.0571428571428572
simulations,2,20,0.665446014333019,0.9717611501950755,1.3856165581714643,1.0714285714285714
simulations,2,21,0.691871136883869,0.9610676811255271,1.3857112663069828,1.0857142857142859
simulations,2,22,0.6840226771702957,0.9736948614769166,1.3834476641687798,1.1
simulations,2,23,0.6712151894045449,0.9744602557114077,1.398439717257597,1.1142857142857143
simulations,2,24,0.6791316878454684,0.981561509285701,1.3712172765599104,1.1285714285714286
simulations,2,25,0.6948705060818053,0.9801624131593126,1.3371403449481436,1.1428571428571428
simulations,2,26,0.6919607697781754,0.978760547817884,1.3469310508175694,1.1571428571428573
simulations,2,27,0.6834853709460014,0.9793059807791743,1.3165900258731953,1.1714285714285715
simulations,2,28,0.700198423594899,0.9760399079848485,1.2912381001795756,1.1857142857142857
simulations,2,29,0.6897091695102616,0.9661582642334066,1.2773313830123811,1.2
simulations,2,30,0.6921465937245008,0.9669792137250934,1.2719489080418622,1.2142857142857142
simulations,2,31,0.6881572156581482,0.9753810079026899,1.2803862258149319,1.2285714285714286
simulations,2,32,0.7221211620726431,0.9983438923287464,1.2811558184696685,1.2428571428571429
simulations,2,33,0.7761691222255372,1.0401352784881635,1.2802099253740242,1.2571428571428571
simulations,2,34,0.8422798570620966,1.0800066025061934,1.3457914876339556,1.2714285714285714
simulations,2,35,0.8863636383247013,1.125105898926555,1.4033766339704827,1.2857142857142856
simulations,2,36,0.9268967223552147,1.173104314043266,1.4433328157146446,1.3
simulations,2,37,0.9744881429379563,1.1992597381584535,1.5070547120998463,1.3142857142857143
simulations,2,38,0.9875064115689647,1.216049702810131,1.5297962416674198,1.3285714285714287
simulations,2,39,1.023788910843796,1.2527566674088644,1.5405775897102874,1.342857142857143
simulations,2,40,1.061025093664295,1.292439263310386,1.6283046626502171,1.3571428571428572
simulations,2,41,1.105644582024851,1.3360987010158358,1.6641551158990016,1.3714285714285714
simulations,2,42,1.1217370849200998,1.3537774421320428,1.6733871100736053,1.3857142857142857
simulations,2,43,1.1163890681993163,1.347375400208151,1.6808095378301178,1.4
simulations,2,44,1.078762877802449,1.3383307234116144,1.6556474235897973,1.4142857142857141
simulations,2,45,1.0712449164600963,1.343091763914801,1.618102506778376,1.4285714285714286
simulations,2,46,1.096808217697463,1.3554621876340454,1.6189996209172421,1.4428571428571428
simulations,2,47,1.1205321132378727,1.3782850747984159,1.6809942753657632,1.457142857142857
simulations,2,48,1.1518795117966667,1.3999740492249266,1.7177535600118499,1.4714285714285715
simulations,2,49,1.157940662035297,1.4093496768278182,1.7599453204976658,1.4857142857142858
simulations,2,50,1.1549178781324179,1.4061161049653732,1.7262752018446723,1.5
simulations,2,51,1.129586877323416,1.3829847866074183,1.6898259519360488,1.486
simulations,2,52,1.0750723870098209,1.379977283651681,1.676375387533086,1.472
simulations,2,53,1.0892608003781343,1.3760066759159093,1.6511033990114616,1.458
simulations,2,54,1.1250008983441353,1.3933112727529762,1.6812105524913148,1.444
simulations,2,55,1.151377658234608,1.3987127724923925,1.7282287607860296,1.43
simulations,2,56,1.1716095767018422,1.4097288751709476,1.7461031954135917,1.416
simulations,2,57,1.1651775344426063,1.4079167707034634,1.746526622304221,1.402
simulations,2,58,1.1228656173298648,1.3974114223243226,1.738500747720719,1.388
simulations,2,59,1.1136017384399108,1.3752127097300035,1.6896674448011166,1.374
simulations,2,60,1.0980660446969641,1.3495138268726992,1.645043238630043,1.3599999999999999
simulations,2,61,1.1124651676244017,1.3467543580412698,1.653947562012566,1.346
simulations,2,62,1.1237912834514892,1.3465603543026305,1.636081882940398,1.332
simulations,2,63,1.1171230580233151,1.3409044100884637,1.6410602365138125,1.318
simulations,2,64,1.0769214518240218,1.3030456939796542,1.60291184789403,1.304
simulations,2,65,1.0456639495617415,1.2765574814613183,1.5872179560015187,1.29
simulations,2,66,1.0023930240170742,1.2378645042807435,1.5140787489080179,1.276
simulations,2,67,0.9830299845038729,1.2116577608200498,1.4852166330046652,1.262
simulations,2,68,0.9845204510458087,1.2047511702657958,1.472194015474817,1.248
simulations,2,69,0.9843866884352898,1.196820354418727,1.4787929472634371,1.234
simulations,2,70,0.9615576768709518,1.1767698072738515,1.4629989366785443,1.22
simulations,2,71,0.930423827583478,1.1490869148346294,1.4088158637525219,1.206
simulations,2,72,0.902310956632498,1.1226411244880696,1.3781070271922007,1.192
simulations,2,73,0.8833520181685821,1.1005145197356254,1.3238946258732367,1.178
simulations,2,74,0.8737295036732226,1.084999021206158,1.3106888787754865,1.1640000000000001
simulations,2,75,0.8825668249180074,1.0789820603745373,1.2865058574441763,1.15
simulations,2,76,0.8763031723229111,1.0803172458764516,1.304108907465746,1.1360000000000001
simulations,2,77,0.8753163147632597,1.070664492975765,1.3451290605352848,1.122
simulations,2,78,0.8618567838458081,1.0469672803010877,1.2782596176431156,1.108
simulations,2,79,0.8376364923825362,1.0232448598791288,1.225604259784078,1.094
simulations,2,80,0.8131115105229482,0.9992024919838252,1.1981508730884016,1.08
simulations,2,81,0.8062695871530413,0.9835291743341066,1.192784772574025,1.066
simulations,2,82,0.8018510773611184,0.9821424757814938,1.1891549483133739,1.052
simulations,2,83,0.8061195314810503,0.9783386317554665,1.2099775462949416,1.038
simulations,2,84,0.8063665019938467,0.9711562767899284,1.1882731250377176,1.024
simulations,2,85,0.777951339782567,0.9534080901713596,1.1950680528916546,1.01
simulations,2,86,0.7764320538409739,0.9374807841454438,1.1407086450992683,0.996
simulations,2,87,0.7346399703430456,0.919387606567788,1.116268542848872,0.982
simulations,2,88,0.7424254864490105,0.9045328433046483,1.0819805167563674,0.9680000000000001
simulations,2,89,0.7189186080385063,0.8945498774654002,1.105077112509506,0.9540000000000001
simulations,2,90,0.728522841883214,0.892908789543693,1.1073689185979323,0.94
simulations,2,91,0.7220218891002919,0.880578058196072,1.0822362816611713,0.926
simulations,2,92,0.696762484981081,0.8570085418338222,1.0532252723529492,0.912
simulations,2,93,0.6775570526924825,0.8354255494478673,1.0107038001015705,0.898
simulations,2,94,0.6664450946555788,0.8156086855396032,0.9961113022603414,0.884
simulations,2,95,0.6499315180175463,0.8108128667167132,0.988674714459232,0.8700000000000001
simulations,2,96,0.6418525465672881,0.805355027643434,0.989889439603732,0.8560000000000001
simulations,2,97,0.6580966482333082,0.8056377577626433,0.9750885027775247,0.8420000000000001
simulations,2,98,0.6531433456695296,0.7994118904866417,0.9801118178075203,0.8280000000000001
simulations,2,99,0.6396230375336793,0.7893157968449233,0.968043179538132,0.8140000000000001
simulations,2,100,0.6288772396383168,0.7836729803195455,0.9571207490181998,0.8
simulations,2,101,0.6265264383140927,0.7823278439394201,0.9419239371075139,0.8
simulations,2,102,0.6239757065938822,0.785548109051522,0.9572781363388507,0.8
simulations,2,103,0.6507224285635756,0.7924479757702285,0.9688057465937039,0.8
simulations,2,104,0.6567455586211131,0.808413041090468,1.0039946145299492,0.8
simulations,2,105,0.6741396828804794,0.8206052369754577,1.0379094105836077,0.8
simulations,2,106,0.670240453765123,0.8194753938418999,1.0101823308846818,0.8
simulations,2,107,0.6471195632073972,0.8105744746218637,0.9904344547327654,0.8
simulations,2,108,0.6412721299153228,0.8039533839123376,0.9669029457056008,0.8
simulations,2,109,0.637901564113513,0.7992307606861986,0.9699422891795529,0.8
simulations,2,110,0.6607585905812177,0.8077274255923688,0.9846469746221715,0.8
simulations,2,111,0.6616913163556828,0.8223030053436708,1.0241643867953063,0.8
simulations,2,112,0.6854960046753242,0.8373607665063636,1.0254404424117884,0.8
simulations,2,113,0.6823580233032399,0.8369705240822651,1.020922068903768,0.8
simulations,2,114,0.6867191284255127,0.8388619554935064,1.0267707129703347,0.8
simulations,2,115,0.6669395750605102,0.8385460230504711,1.0343473094952558,0.8
simulations,2,116,0.6739031423610236,0.8370182212945354,1.046651419322067,0.8
simulations,2,117,0.7077788531489915,0.8450795599372315,1.0411783887374768,0.8
simulations,2,118,0.6993450076747343,0.8517437165003308,1.0453914763688807,0.8
simulations,2,119,0.7160411932586254,0.8560776154690128,1.0441993720752687,0.8
simulations,2,120,0.6971485356104307,0.8493877038462513,1.0404946574568172,0.8
simulations,2,121,0.6834237112737013,0.8436783314337184,1.0205548636452617,0.8
simulations,2,122,0.6557414353783318,0.8422767608234786,1.0176393096495007,0.8
simulations,2,123,0.6582210133669438,0.842606539667559,1.0236494902294138,0.8
simulations,2,124,0.6665050874308812,0.8461123031260442,1.0234924575190214,0.8
simulations,2,125,0.6906081491187257,0.8553124723087416,1.038051986637445,0.8
simulations,2,126,0.6860068834058437,0.8622857050103945,1.0675609516966378,0.8
simulations,2,127,0.6807251664575599,0.8554987693917318,1.0682274009044443,0.8
simulations,2,128,0.6754788358811579,0.8601330965505962,1.0432845508411879,0.8
simulations,2,129,0.6878095302912023,0.8643482715248896,1.0516129917253167,0.8
simulations,2,130,0.7102135865306392,0.8809940556747183,1.0693507852910076,0.8
simulations,2,131,0.7313197521168487,0.9011752877707567,1.1066654881928901,0.8
simulations,2,132,0.7541955827870939,0.9202130329664719,1.14898494650222,0.8
simulations,2,133,0.7555168127243206,0.9322921864827074,1.1830870180532405,0.8
simulations,2,134,0.7776337964799965,0.9361507437422392,1.180416681185543,0.8
simulations,2,135,0.7602654258292849,0.926754632774821,1.1490097569439446,0.8
simulations,2,136,0.747180333239864,0.913644295313957,1.1364726307610629,0.8
simulations,2,137,0.7385338511034424,0.9085375797835669,1.1254098385639861,0.8
simulations,2,138,0.7326268197019714,0.9142726783394076,1.108449284896139,0.8
simulations,2,139,0.7268387444354176,0.9130872478875232,1.108497634761712,0.8
simulations,2,140,0.7384986676287527,0.9189649345623051,1.126237461230506,0.8
simulations,2,141,0.7295828236275833,0.9177576137219552,1.124093297362117,0.8
simulations,2,142,0.716029981184935,0.9144685084312913,1.12971094927681,0.8
simulations,2,143,0.7234680694809739,0.9076193633806909,1.1348724773071752,0.8
simulations,2,144,0.7137056924235751,0.9127026448789883,1.144159988139204,0.8
simulations,2,145,0.7145256770604496,0.9215118727913805,1.1805914169806457,0.8
simulations,2,146,0.7182055077769073,0.9355423513979517,1.2214949072212242,0.8
simulations,2,147,0.7172069168223277,0.9458451848090956,1.2368173768839854,0.8
simulations,2,148,0.7025437102171429,0.9532290868851263,1.287337433371818,0.8
simulations,2,149,0.7121301790419416,0.9618258505711217,1.3308181421263947,0.8
simulations,2,150,0.7147337221447307,0.9612425549071526,1.3517212864502173,0.8
simulations,3,1,0.4397743423314495,0.9634381110687882,2.0587153017626587,0.8
simulations,3,2,0.47407017100335785,0.9539350698046767,1.9680219444951466,0.8142857142857143
simulations,3,3,0.5224431635530571,0.9765236802711665,1.8532383857304982,0.8285714285714286
simulations,3,4,0.5646516069685963,0.9754311149283089,1.7879850177590717,0.8428571428571429
simulations,3,5,0.5862766418478224,0.9696835235760397,1.7084662767931793,0.8571428571428572
simulations,3,6,0.5864591080967136,0.9747741724033345,1.6347974271287486,0.8714285714285714
simulations,3,7,0.6006600780726404,0.9694126737214943,1.606239297934492,0.8857142857142858
simulations,3,8,0.6350310398917126,0.9791690417218932,1.57139453507225,0.9
simulations,3,9,0.6398146149343807,0.9736072549712932,1.5494236251597375,0.9142857142857144
simulations,3,10,0.6348066695782932,0.9814450767183818,1.546483055938511,0.9285714285714286
simulations,3,11,0.6621694604116171,0.9896730789898798,1.4638179043683532,0.9428571428571428
simulations,3,12,0.6556846487075267,0.9939858926868103,1.4880308964056939,0.9571428571428572
simulations,3,13,0.6763539670283831,0.9980138055946179,1.4452109520351193,0.9714285714285714
simulations,3,14,0.6736454379407486,0.9946674671999494,1.459057059935653,0.9857142857142858
simulations,3,15,0.6666104779870902,0.9963555992060333,1.4450552584632281,1.0
simulations,3,16,0.697513712109501,0.9967803713954795,1.4160693090270267,1.0142857142857142
simulations,3,17,0.7120869119687832,0.9970195004430578,1.4002427191496591,1.0285714285714287
simulations,3,18,0.694544555677031,0.9983274314092662,1.435085982593945,1.042857142857143
simulations,3,19,0.7007471635156449,1.009754561913756,1.4197637682928843,1.0571428571428572
simulations,3,20,0.7121955825090236,1.011843388677192,1.43768499382423,1.0714285714285714
simulations,3,21,0.6905217068960824,1.0042000123165855,1.4047399941357166,1.0857142857142859
simulations,3,22,0.7073533142880195,1.0059934190048339,1.3885480524598364,1.1
simulations,3,23,0.7161898220631396,1.0105766468102315,1.3922876438638934,1.1142857142857143
simulations,3,24,0.7170415822234757,1.0202745059735578,1.4000636552818708,1.1285714285714286
simulations,3,25,0.7292294771647085,1.030831695385238,1.3717753486457678,1.1428571428571428
simulations,3,26,0.7528880407479112,1.0232156719061916,1.3712876649426184,1.1571428571428573
simulations,3,27,0.7390379480798246,1.0327282885107212,1.3863135999600102,1.1714285714285715
simulations,3,28,0.7556707786677256,1.039371998205866,1.3941156980087634,1.1857142857142857
simulations,3,29,0.7781360722834509,1.0539456460795864,1.3843047715102377,1.2
simulations,3,30,0.7759244121049281,1.0442473889373884,1.3661657279834059,1.2142857142857142
simulations,3,31,0.7831800111481502,1.048968980524532,1.3401409730569327,1.2285714285714286
simulations,3,32,0.8064816966034691,1.0640201291764455,1.325954194220591,1.2428571428571429
simulations,3,33,0.8476761237885244,1.0765199910586043,1.3469731541932224,1.2571428571428571
simulations,3,34,0.8847899193458426,1.1061665803875274,1.3637402030979582,1.2714285714285714
simulations,3,35,0.9034319078689149,1.1241215553273722,1.3931506866349257,1.2857142857142856
simulations,3,36,0.9145918410093171,1.1392280361111395,1.4041994338859514,1.3
simulations,3,37,0.9414139147057599,1.1556258269820536,1.3951877113730975,1.3142857142857143
simulations,3,38,0.9336502553153458,1.167724079588723,1.3868539117599263,1.3285714285714287
simulations,3,39,0.9675731730746381,1.176397034322036,1.4215641397550907,1.342857142857143
simulations,3,40,0.9769500880200456,1.2019606092387014,1.4475737190969837,1.3571428571428572
simulations,3,41,0.9935773200604439,1.234690888513117,1.5252575570863638,1.3714285714285714
simulations,3,42,1.0413926427881395,1.256250601650518,1.5547678501664195,1.3857142857142857
simulations,3,43,1.0442268969256898,1.2725781495642683,1.5596087486520236,1.4
simulations,3,44,1.0752559396910317,1.284225726346639,1.5536477007656833,1.4142857142857141
simulations,3,45,1.066848718804632,1.2872176597820462,1.5560655483964878,1.4285714285714286
simulations,3,46,1.0694019279636142,1.2988753751398785,1.5739258807771837,1.4428571428571428
simulations,3,47,1.0788664252477052,1.317880674538329,1.5835326457195904,1.457142857142857
simulations,3,48,1.1061187271834425,1.3370070756940868,1.639846940840027,1.4714285714285715
simulations,3,49,1.1125073549994493,1.3583828671785498,1.6735329147874805,1.4857142857142858
simulations,3,50,1.138228325021758,1.3658018858455057,1.6696418580354728,1.5
simulations,3,51,1.1237026362975326,1.3526668462491345,1.6900107646525904,1.486
simulations,3,52,1.1176665441685942,1.353686413905093,1.625112069869268,1.472
simulations,3,53,1.1168512444779175,1.3594061859715132,1.6329113302618816,1.458
simulations,3,54,1.1613342849992703,1.3704105780103846,1.6581122204403764,1.444
simulations,3,55,1.1502993169998528,1.382063637115321,1.7083824529209,1.43
simulations,3,56,1.1306734330711596,1.3675674194551712,1.6853119262736398,1.416
simulations,3,57,1.1292525485056197,1.3480143684201376,1.6740200020236324,1.402
simulations,3,58,1.0884192811777853,1.319801535042473,1.6087022819844665,1.388
simulations,3,59,1.0774184168659755,1.3053252341598773,1.5664548644222975,1.374
simulations,3,60,1.040968391561483,1.2858681333897612,1.547855424100581,1.3599999999999999
simulations,3,61,1.0562036908095451,1.291257674524298,1.548469855227327,1.346
simulations,3,62,1.0589002623865515,1.2872309229986472,1.561194312404361,1.332
simulations,3,63,1.0429288113283857,1.2767704243697868,1.5642209752894554,1.318
simulations,3,64,1.026683518929431,1.247703307464207,1.513565410701471,1.304
simulations,3,65,1.0024447272867083,1.228632734984262,1.4906741189150199,1.29
simulations,3,66,0.9647987461770966,1.2042409350584238,1.4566353668401335,1.276
simulations,3,67,0.9615612582980562,1.185927960870937,1.4171354232668159,1.262
simulations,3,68,0.9684325223240354,1.1788880775991242,1.3970658442696668,1.248
simulations,3,69,0.9811014647597658,1.177227409270531,1.4073178730983258,1.234
simulations,3,70,0.9761629552349084,1.171798465606877,1.4140076935852026,1.22
simulations,3,71,0.9511199680499483,1.1492075441479708,1.397062733872224,1.206
simulations,3,72,0.9207667274232505,1.1189453715975801,1.341651510424605,1.192
simulations,3,73,0.8792595371578583,1.090761470860551,1.299534632718947,1.178
simulations,3,74,0.8742640523538867,1.0751249085121901,1.286814978626278,1.1640000000000001
simulations,3,75,0.8708207075075939,1.0690265891952655,1.2916112786359326,1.15
simulations,3,76,0.8902063454429875,1.0708030400504085,1.2911020352949212,1.1360000000000001
simulations,3,77,0.9000890969944536,1.069926903930367,1.2914642224691728,1.122
simulations,3,78,0.8634903716981495,1.0542941412112496,1.2853027070737162,1.108
simulations,3,79,0.855162937697757,1.0330390572329073,1.2286486046514737,1.094
simulations,3,80,0.8316305775612934,1.00858214628121,1.2111345253255248,1.08
simulations,3,81,0.8263034232161328,0.9960848134462922,1.2072048040403307,1.066
simulations,3,82,0.8289183896355153,0.9864656978808695,1.1961757924828809,1.052
simulations,3,83,0.8260323566587703,0.9841642041242079,1.189524983598447,1.038
simulations,3,84,0.8029441544874479,0.9712537149811973,1.1716827779130201,1.024
simulations,3,85,0.7674069184583971,0.9512472366553029,1.1364325794299255,1.01
simulations,3,86,0.7565209545068873,0.9261547220938446,1.1014056934057133,0.996
simulations,3,87,0.7238849172380937,0.9096626563021502,1.0721890147507358,0.982
simulations,3,88,0.7307840394322827,0.8998033910499963,1.0643255609679634,0.9680000000000001
simulations,3,89,0.7305502911126064,0.892229691490378,1.0762193594430407,0.9540000000000001
simulations,3,90,0.7347806631896109,0.8883363778602389,1.073766611104366,0.94
simulations,3,91,0.7216946486297888,0.8762789574725229,1.0897593509986776,0.926
simulations,3,92,0.7153060149992211,0.8573567359680054,1.03884423692109,0.912
simulations,3,93,0.6979809579590865,0.8398994312918506,1.0058794087057237,0.898
simulations,3,94,0.6733618619127549,0.8286923595775992,0.9969306913496077,0.884
simulations,3,95,0.6921247888227531,0.8253780738998173,1.0014901750308418,0.8700000000000001
simulations,3,96,0.695194051013655,0.8262107976598851,0.990925923914805,0.8560000000000001
simulations,3,97,0.7023351490823488,0.8278531421683177,1.0086439708117503,0.8420000000000001
simulations,3,98,0.6817943063765862,0.8225373003121756,1.010963025138359,0.8280000000000001
simulations,3,99,0.6760883189493014,0.8115512504829583,0.974559667955582,0.8140000000000001
simulations,3,100,0.6516506344226051,0.8008990895811721,0.9595745850367522,0.8
simulations,3,101,0.6433655739718562,0.7940843080332274,0.9613652775392696,0.8
simulations,3,102,0.6383863783605448,0.7862275466000842,0.9436798202659971,0.8
simulations,3,103,0.6520442490283698,0.788453106118837,0.9450758122770541,0.8
simulations,3,104,0.6619728974003918,0.8005158314521255,0.9561136453581125,0.8
simulations,3,105,0.665334715464277,0.802103710352184,0.9600994764348595,0.8
simulations,3,106,0.6577828357158293,0.8019791469425814,0.9640470383271751,0.8
simulations,3,107,0.6559783853381232,0.7961782820796279,0.9651347098653265,0.8
simulations,3,108,0.6479697852740541,0.7998302603221285,0.947003175957484,0.8
simulations,3,109,0.6490968561112112,0.7997452211127019,0.9445567146755119,0.8
simulations,3,110,0.6563436537796357,0.8066069655303556,0.955883088361516,0.8
simulations,3,111,0.676179654451097,0.8173659096422611,0.968142633462519,0.8
simulations,3,112,0.684772809567255,0.822589448308711,0.9951816266630015,0.8
simulations,3,113,0.6849690594053122,0.8307041770541784,0.9993596527667842,0.8
simulations,3,114,0.690512635078545,0.8303699789669627,1.008104760148186,0.8
simulations,3,115,0.6918362746406629,0.8397435625828327,1.0177745049641425,0.8
simulations,3,116,0.683174686911002,0.8440494654426827,1.0296497595428487,0.8
simulations,3,117,0.7159190066398936,0.8585511323715878,1.052010955239671,0.8
simulations,3,118,0.7291538869145676,0.874546214912986,1.0662805617049336,0.8
simulations,3,119,0.7270610180244725,0.8784506060527609,1.0694044332577022,0.8
simulations,3,120,0.7303415016259139,0.88119318141251,1.0884833075536287,0.8
simulations,3,121,0.7308864942071867,0.8816237995868865,1.0813383103220735,0.8
simulations,3,122,0.7215635772394056,0.8785075636762847,1.0515509321682834,0.8
simulations,3,123,0.714992802958896,0.8821388829957437,1.0571126946152927,0.8
simulations,3,124,0.7242400168606052,0.8856991302759152,1.0689506303582814,0.8
simulations,3,125,0.7489864777582279,0.8998907302196717,1.0921133023956207,0.8
simulations,3,126,0.7474518965091259,0.9064891420967591,1.113038221343367,0.8
simulations,3,127,0.7467699985200899,0.9055420908366805,1.0799232747199647,0.8
simulations,3,128,0.7142141447826247,0.8957108322173657,1.0813557019218647,0.8
simulations,3,129,0.7253814659393356,0.9003465701050243,1.0699754500054695,0.8
simulations,3,130,0.7378360971166864,0.90354610505774,1.0730824825284013,0.8
simulations,3,131,0.755520458263349,0.9150798597759418,1.089688113202708,0.8
simulations,3,132,0.772603227306482,0.9321877670284981,1.1186615247508158,0.8
simulations,3,133,0.771213554160725,0.9359995729890705,1.1522457487565647,0.8
simulations,3,134,0.7952505470606749,0.9351012628407743,1.1571477300264856,0.8
simulations,3,135,0.7691606407368733,0.934464956333354,1.1339778999477663,0.8
simulations,3,136,0.7767466289204225,0.9272247399447039,1.1217975944867231,0.8
simulations,3,137,0.7632718149050658,0.9268888602164256,1.1306553501441676,0.8
simulations,3,138,0.7741657337694985,0.9286830218392288,1.1214801680057453,0.8
simulations,3,139,0.7629335483851241,0.9303110982604633,1.153481821131078,0.8
simulations,3,140,0.7723120247142956,0.9291013203856681,1.1435672095130296,0.8
simulations,3,141,0.746236705164403,0.9247691074304785,1.1371584471112772,0.8
simulations,3,142,0.7364723350398084,0.9243562448969356,1.1190632993890752,0.8
simulations,3,143,0.7148798594478919,0.9182617007336137,1.1193216221002897,0.8
simulations,3,144,0.7134981946679018,0.9165367498608192,1.1308389781972608,0.8
simulations,3,145,0.7159935208185546,0.9137412676259169,1.1532633375689003,0.8
simulations,3,146,0.7197401230186645,0.9280681799241798,1.169584438353446,0.8
simulations,3,147,0.7137281277792059,0.9342467305419473,1.2212449150896143,0.8
simulations,3,148,0.7071244464211125,0.9349183471013636,1.2386867508767454,0.8
simulations,3,149,0.7019432254748956,0.9418749273504956,1.2616811373319328,0.8
simulations,3,150,0.7008828740752122,0.9491746738780044,1.2675963990032661,0.8
_popn_check,1,1,0.4442608803482007,1.0279419212630625,2.1237968122459048,0.8
_popn_check,1,2,0.4870692212569038,1.0283242417758887,1.9772031333675448,0.8142857142857143
_popn_check,1,3,0.512109200815837,1.021947758387907,1.8847483026711944,0.8285714285714286
_popn_check,1,4,0.5432950444676306,1.0171759700041458,1.7911294393916712,0.8428571428571429
_popn_check,1,5,0.5759428967228333,1.0139798442191081,1.7173903493742273,0.8571428571428572
_popn_check,1,6,0.6150699196518046,1.0135041456167082,1.696116820955171,0.8714285714285714
_popn_check,1,7,0.6380934806951155,1.0105878717029229,1.634210496949058,0.8857142857142858
_popn_check,1,8,0.6552921985305618,1.0106093590206857,1.610052910616966,0.9
_popn_check,1,9,0.6663335908386573,1.0113734095498441,1.5855342077634254,0.9142857142857144
_popn_check,1,10,0.6836108987060051,1.0100897509379745,1.5511319231644727,0.9285714285714286
_popn_check,1,11,0.6811105563247928,1.0160850736212494,1.5109625673370148,0.9428571428571428
_popn_check,1,12,0.7065254769741773,1.0132733385488906,1.511070554893832,0.9571428571428572
_popn_check,1,13,0.7124452722375855,1.0112359433769407,1.4838849905422193,0.9714285714285714
_popn_check,1,14,0.7068535766077703,1.0122113633930543,1.5083621409146706,0.9857142857142858
_popn_check,1,15,0.7204273537010699,1.0228533652145777,1.4755724648287625,1.0
_popn_check,1,16,0.7394415116414608,1.0243296620709204,1.4560899380541183,1.0142857142857142
_popn_check,1,17,0.742141611995893,1.0229561112647496,1.4382313024890956,1.0285714285714287
_popn_check,1,18,0.7520421568217144,1.0149132712598004,1.4272075495850733,1.042857142857143
_popn_check,1,19,0.7416523754938907,1.0261408272975936,1.4307388490583992,1.0571428571428572
_popn_check,1,20,0.7426185379488277,1.0277622358181295,1.4490991288347577,1.0714285714285714
_popn_check,1,21,0.7438230416041388,1.0324214679666477,1.439238019636849,1.0857142857142859
_popn_check,1,22,0.7510941260121816,1.0409413425922045,1.4064976078735947,1.1
_popn_check,1,23,0.7561078415985296,1.0316572491768623,1.3946847909447109,1.1142857142857143
_popn_check,1,24,0.7425235924252642,1.0352044814482846,1.433092476171739,1.1285714285714286
_popn_check,1,25,0.7599438934442437,1.0495557424481956,1.4205639247785804,1.1428571428571428
_popn_check,1,26,0.7711155892379321,1.0552550619120629,1.4218881092928985,1.1571428571428573
_popn_check,1,27,0.7571124567914025,1.062071520157267,1.4356886368278765,1.1714285714285715
_popn_check,1,28,0.7913544485628369,1.0688326735451206,1.4042384526419636,1.1857142857142857
_popn_check,1,29,0.8068878329993349,1.0731450551745265,1.3939899060655305,1.2
_popn_check,1,30,0.8243233558079043,1.0787086157876369,1.3848670074716591,1.2142857142857142
_popn_check,1,31,0.8438623788785592,1.0916057901333462,1.3584192193853304,1.2285714285714286
_popn_check,1,32,0.8512727482515343,1.103215124991956,1.3816291725167344,1.2428571428571429
_popn_check,1,33,0.8712124041161395,1.1225161412987466,1.415211968965254,1.2571428571428571
_popn_check,1,34,0.9006265286367957,1.1512949679704656,1.4108895226687106,1.2714285714285714
_popn_check,1,35,0.9370192652622319,1.171165538205452,1.422578949707236,1.2857142857142856
_popn_check,1,36,0.9561509549259534,1.1815361766674752,1.4636971550685562,1.3
_popn_check,1,37,0.9707268795091372,1.203718334503212,1.4240576124273283,1.3142857142857143
_popn_check,1,38,0.9931742902826242,1.2077321448314733,1.4309426263270766,1.3285714285714287
_popn_check,1,39,1.0011806439499038,1.2281710794672578,1.4705777021734139,1.342857142857143
_popn_check,1,40,1.0196338892579813,1.2521194784703604,1.5239079392836923,1.3571428571428572
_popn_check,1,41,1.0714308788221785,1.2804977344197952,1.5650103840367366,1.3714285714285714
_popn_check,1,42,1.1024029607405463,1.2959535750718953,1.6196195268372255,1.3857142857142857
_popn_check,1,43,1.1139101140428473,1.3080848622989176,1.6335311615569232,1.4
_popn_check,1,44,1.103057965123925,1.30862181535031,1.614713738345057,1.4142857142857141
_popn_check,1,45,1.0753894136258229,1.306892214272549,1.5800674364325658,1.4285714285714286
_popn_check,1,46,1.0741849169464484,1.309742136078852,1.5724424969381272,1.4428571428571428
_popn_check,1,47,1.0848777036031079,1.3109432666887706,1.5650432660724674,1.457142857142857
_popn_check,1,48,1.094711036071193,1.3156259775820538,1.6007328792114772,1.4714285714285715
_popn_check,1,49,1.0866674202523443,1.3073901524703397,1.5638322310134813,1.4857142857142858
_popn_check,1,50,1.075002206632402,1.2927453346653839,1.5443967272911199,1.5
_popn_check,1,51,1.0482444198705654,1.2796891020707413,1.4864513545309737,1.486
_popn_check,1,52,1.0227164182539492,1.2605801799523415,1.5129173815248915,1.472
_popn_check,1,53,1.0418945623489941,1.2622562876229568,1.507695943196534,1.458
_popn_check,1,54,1.0284169239157592,1.2750708504757378,1.5319327788840245,1.444
_popn_check,1,55,1.0727653213096946,1.2718448023789177,1.5572589660492673,1.43
_popn_check,1,56,1.0758047891396025,1.2623448298577973,1.5421609925756175,1.416
_popn_check,1,57,1.0764946442176455,1.2541468632447268,1.5044949412028459,1.402
_popn_check,1,58,1.0434483177879588,1.2356659521983229,1.4977626963409112,1.388
_popn_check,1,59,1.005608044583081,1.2159164864872902,1.4474517323276008,1.374
_popn_check,1,60,0.9991486995805539,1.2045063606707644,1.4117275548275343,1.3599999999999999
_popn_check,1,61,0.9877403249450433,1.1937111202026554,1.454287082612029,1.346
_popn_check,1,62,1.0083641678671773,1.1944831951807293,1.4416428646860198,1.332
_popn_check,1,63,0.9912541899053121,1.1835509127370045,1.427099317794949,1.318
_popn_check,1,64,0.9526522339039941,1.153010680914965,1.3594888461231274,1.304
_popn_check,1,65,0.9361328754999116,1.12675592837949,1.328589649120963,1.29
_popn_check,1,66,0.8941661042333021,1.1054852183965302,1.2895760459180732,1.276
_popn_check,1,67,0.8775177258198679,1.088916004270635,1.2686837671397977,1.262
_popn_check,1,68,0.8866023042113558,1.0779409499169428,1.2647404067894543,1.248
_popn_check,1,69,0.8766506724561106,1.0735831254847144,1.3054634463790205,1.234
_popn_check,1,70,0.8556238599535029,1.053994019958237,1.2822752495679781,1.22
_popn_check,1,71,0.8565585862139653,1.0376288041881123,1.250075291440107,1.206
_popn_check,1,72,0.8372263326815419,1.0153825866817106,1.2258561392829606,1.192
_popn_check,1,73,0.8135050656082431,0.9962685769297162,1.192979186055054,1.178
_popn_check,1,74,0.7949618176004335,0.9831356978631254,1.1651501322491051,1.1640000000000001
_popn_check,1,75,0.7967170381629929,0.9802730630688178,1.1671557440181335,1.15
_popn_check,1,76,0.7928064952262988,0.9769684269231094,1.1928845383536024,1.1360000000000001
_popn_check,1,77,0.7898706356065688,0.9699319589718318,1.1628465689744116,1.122
_popn_check,1,78,0.8007317106125396,0.9549347798995835,1.1584852571214241,1.108
_popn_check,1,79,0.7826976110998685,0.941547326836657,1.127189232867813,1.094
_popn_check,1,80,0.763702816278308,0.925386862583718,1.0986827039739564,1.08
_popn_check,1,81,0.7669897615396188,0.9195117520236237,1.0883172329755013,1.066
_popn_check,1,82,0.7581073891621155,0.9175518773708822,1.1218339319721593,1.052
_popn_check,1,83,0.7571615719517452,0.9127706095252086,1.1354697318203857,1.038
_popn_check,1,84,0.7510291818206225,0.8996249462256971,1.1128289074242221,1.024
_popn_check,1,85,0.7341335734269503,0.8863212766448723,1.078918580706155,1.01
_popn_check,1,86,0.7096606227362134,0.863367441178374,1.0447449490479905,0.996
_popn_check,1,87,0.6817504753593955,0.8435108928529581,1.0164928532927857,0.982
_popn_check,1,88,0.687796498656511,0.8398405799691813,0.9892035447962048,0.9680000000000001
_popn_check,1,89,0.6932370046202757,0.8407828995744662,0.9997401996126771,0.9540000000000001
_popn_check,1,90,0.6949167984145361,0.8432781953962826,1.0252427806434128,0.94
_popn_check,1,91,0.6981586648775256,0.8395351936878095,1.0209029525248146,0.926
_popn_check,1,92,0.6771177182191331,0.8301283374383975,1.018121172322165,0.912
_popn_check,1,93,0.6643903420712722,0.8129158081081307,0.9943254904586994,0.898
_popn_check,1,94,0.6678820933155594,0.8096908871494317,0.9573294011868969,0.884
_popn_check,1,95,0.6580141116509091,0.8052467844842985,0.9769783003623912,0.8700000000000001
_popn_check,1,96,0.6593547690799816,0.8026541923567415,0.9484257603500669,0.8560000000000001
_popn_check,1,97,0.66624814650751,0.8038052877311268,0.9671302303260085,0.8420000000000001
_popn_check,1,98,0.6632970891474932,0.8014555665265585,0.9615510261889324,0.8280000000000001
_popn_check,1,99,0.6473276071606557,0.7973023330713308,0.9466580373678571,0.8140000000000001
_popn_check,1,100,0.636512475861889,0.7837908127691577,0.9331992089885651,0.8
_popn_check,1,101,0.6399735469181103,0.7810063204521414,0.9352060025365464,0.8
_popn_check,1,102,0.6251461247006266,0.7839786068713359,0.9179674536081613,0.8
_popn_check,1,103,0.6536475552796621,0.7886830762724577,0.9438437322221833,0.8
_popn_check,1,104,0.6605753571730302,0.7967488077409542,0.9495378226207535,0.8
_popn_check,1,105,0.6696329432458721,0.7953695595913542,0.9609269045195553,0.8
_popn_check,1,106,0.6650652580632983,0.8010037259485387,0.9538753588347987,0.8
_popn_check,1,107,0.6552949470354972,0.7987467781371962,0.9501667802840269,0.8
_popn_check,1,108,0.6639218942553217,0.8040244264773095,0.9590773171636149,0.8
_popn_check,1,109,0.6676788154866127,0.8109359527482518,0.9901070591282394,0.8
_popn_check,1,110,0.6820792466398279,0.8249047306653778,0.9974066715916325,0.8
_popn_check,1,111,0.7080718012962114,0.8431163712624696,1.0309647496592975,0.8
_popn_check,1,112,0.7212955590317783,0.8524823672516952,1.056786231973209,0.8
_popn_check,1,113,0.7237505909412599,0.8639977994340822,1.0354962093859346,0.8
_popn_check,1,114,0.7157752957611476,0.8607098867852571,1.0379037038201546,0.8
_popn_check,1,115,0.6979746328573956,0.8611314458920329,1.0701670543521808,0.8
_popn_check,1,116,0.7200098886435363,0.8718676270342656,1.0334770958252546,0.8
_popn_check,1,117,0.734746961962977,0.8828967813071462,1.0502584230258187,0.8
_popn_check,1,118,0.7359901878663666,0.8930457056093913,1.0559067895185126,0.8
_popn_check,1,119,0.7520417427439053,0.8901739034861811,1.0765142794292817,0.8
_popn_check,1,120,0.7474791244689273,0.8907899591433346,1.076682149814025,0.8
_popn_check,1,121,0.7206573435547696,0.884406216582101,1.0466015795643158,0.8
_popn_check,1,122,0.7045357606913426,0.8859590986404718,1.0548341200024942,0.8
_popn_check,1,123,0.7242566181178716,0.889002798883362,1.0547119481269809,0.8
_popn_check,1,124,0.7300901406454455,0.8945604015743776,1.0865610725590134,0.8
_popn_check,1,125,0.7519631874755234,0.9072369611737436,1.0947328903579283,0.8
_popn_check,1,126,0.7500750258002848,0.9151420421357426,1.1163615959272348,0.8
_popn_check,1,127,0.7527727087577974,0.9097315843910019,1.097670362248047,0.8
_popn_check,1,128,0.7508853328065772,0.9142334726237508,1.1222230404033657,0.8
_popn_check,1,129,0.7481030771748642,0.9162972713062814,1.1278474949516122,0.8
_popn_check,1,130,0.757789626783208,0.9224079457936711,1.1190341697400672,0.8
_popn_check,1,131,0.7742756578600938,0.9312824270041344,1.1398011455169745,0.8
_popn_check,1,132,0.7864423117412311,0.9334388745794011,1.1507464284686297,0.8
_popn_check,1,133,0.7948360571243709,0.9379406127590658,1.1452721442370086,0.8
_popn_check,1,134,0.7947438109407524,0.9289624039395787,1.1177597390089717,0.8
_popn_check,1,135,0.7876841436894473,0.9222997398909822,1.1150884317798415,0.8
_popn_check,1,136,0.7510708070963851,0.9120600309773537,1.1030897710802168,0.8
_popn_check,1,137,0.7366069403984803,0.9108633297073667,1.090801054427287,0.8
_popn_check,1,138,0.7501949369031299,0.9110605120686522,1.0980149404457031,0.8
_popn_check,1,139,0.7567588619312624,0.9165471628680575,1.1244486441907011,0.8
_popn_check,1,140,0.7531693603374254,0.9206607880322217,1.1140629942971827,0.8
_popn_check,1,141,0.738300110434089,0.9089109403209004,1.1215998110603,0.8
_popn_check,1,142,0.7212318286642172,0.9018949043765099,1.1157699543232655,0.8
_popn_check,1,143,0.7133316132559472,0.8908258626592016,1.1026629455154722,0.8
_popn_check,1,144,0.688800947853005,0.8872047025284575,1.1044741677034897,0.8
_popn_check,1,145,0.7025389706002412,0.8898329878757548,1.1078844076009906,0.8
_popn_check,1,146,0.6824530271243626,0.898933728315322,1.148787052846027,0.8
_popn_check,1,147,0.6879794657524093,0.9093693993979869,1.176810935550984,0.8
_popn_check,1,148,0.6875531122838037,0.9181928648818347,1.2462025357285509,0.8
_popn_check,1,149,0.6936468536618685,0.9187919702685254,1.233269697763541,0.8
_popn_check,1,150,0.6967932964947142,0.9343406474862199,1.2774132247091934,0.8
_popn_check,2,1,0.4855879434585924,0.9997917232026259,2.018238041610403,0.8
_popn_check,2,2,0.5108656601927986,1.002229892838567,1.866848267274614,0.8142857142857143
_popn_check,2,3,0.5355000624866456,1.0021220341419328,1.7747754667055187,0.8285714285714286
_popn_check,2,4,0.5671342883127302,1.0027482266951533,1.6524684520155195,0.8428571428571429
_popn_check,2,5,0.6010771327766363,1.0184822998657745,1.6055981872663965,0.8571428571428572
_popn_check,2,6,0.6234687439197788,1.0099364747936947,1.5756894315295884,0.8714285714285714
_popn_check,2,7,0.6292438469448132,1.0046259403556266,1.5143087587161093,0.8857142857142858
_popn_check,2,8,0.6434562833697286,1.0070468453022519,1.483469898669843,0.9
_popn_check,2,9,0.6643825810489417,1.0157477187087318,1.4755476388707556,0.9142857142857144
_popn_check,2,10,0.6749330507581707,1.0149848832122346,1.4737741286731143,0.9285714285714286
_popn_check,2,11,0.6796311798214247,1.0151360543003172,1.465964407936521,0.9428571428571428
_popn_check,2,12,0.6910793210856625,1.0161790823101158,1.5165075506131647,0.9571428571428572
_popn_check,2,13,0.686382862554339,1.0133204461482168,1.438869071131974,0.9714285714285714
_popn_check,2,14,0.7006928476017885,1.0209783183341377,1.4432660519218898,0.9857142857142858
_popn_check,2,15,0.7042669185182768,1.0187105166914416,1.4485820151002426,1.0
_popn_check,2,16,0.708547926758281,1.015959493755064,1.4421309266271658,1.0142857142857142
_popn_check,2,17,0.7177953614470692,1.0235547849326072,1.429907942831628,1.0285714285714287
_popn_check,2,18,0.7088233569550528,1.0250524538388117,1.418893224460027,1.042857142857143
_popn_check,2,19,0.7200386946543647,1.0201299413704974,1.43079032148286,1.0571428571428572
_popn_check,2,20,0.7273424728011247,1.035807518989741,1.4384228010520281,1.0714285714285714
_popn_check,2,21,0.7483479492468542,1.0311681809860995,1.4229747162328663,1.0857142857142859
_popn_check,2,22,0.7285947522393107,1.0348203697196097,1.423043379063456,1.1
_popn_check,2,23,0.7514003502103757,1.037575291342102,1.4136127776879546,1.1142857142857143
_popn_check,2,24,0.7589619533376749,1.04250203240953,1.3949929421437806,1.1285714285714286
_popn_check,2,25,0.7664369524998267,1.0404831508151526,1.4104794728283372,1.1428571428571428
_popn_check,2,26,0.7594189687968692,1.0555717304628462,1.4243896874516,1.1571428571428573
_popn_check,2,27,0.762510460820335,1.0593037935508167,1.3980511873658248,1.1714285714285715
_popn_check,2,28,0.7706905961742851,1.0530957236661385,1.4106896190539846,1.1857142857142857
_popn_check,2,29,0.7896265686971519,1.062041941691608,1.4000765699072941,1.2
_popn_check,2,30,0.8036151612868087,1.0663135900812644,1.3878534892896233,1.2142857142857142
_popn_check,2,31,0.8284964055787467,1.07113402563938,1.3815161708128674,1.2285714285714286
_popn_check,2,32,0.8653336679436671,1.102701691528065,1.3862808926376946,1.2428571428571429
_popn_check,2,33,0.8860990689497169,1.134707162170513,1.4117023974147545,1.2571428571428571
_popn_check,2,34,0.9159658953423928,1.1721541560720228,1.4627715900198215,1.2714285714285714
_popn_check,2,35,0.9431516581665305,1.182830551759765,1.4591617118868043,1.2857142857142856
_popn_check,2,36,0.9579121658441664,1.1896046462214924,1.4592160590507643,1.3
_popn_check,2,37,0.9755143199079962,1.1891594566110864,1.4561778231316214,1.3142857142857143
_popn_check,2,38,0.9732934608147902,1.1922926450691147,1.4408027059599997,1.3285714285714287
_popn_check,2,39,0.9742933320519992,1.2054537574600883,1.456584849468077,1.342857142857143
_popn_check,2,40,1.0119350839698713,1.225449824456692,1.4885548313585326,1.3571428571428572
_popn_check,2,41,1.036026592310493,1.2529727496485457,1.5281479690178923,1.3714285714285714
_popn_check,2,42,1.0558784719765093,1.2590026117095725,1.5682230128325632,1.3857142857142857
_popn_check,2,43,1.0683722520181407,1.2593542123345145,1.5454817013748692,1.4
_popn_check,2,44,1.0324731491360353,1.2551697829943778,1.551445643523724,1.4142857142857141
_popn_check,2,45,1.027998851214649,1.255045441000384,1.516223829006468,1.4285714285714286
_popn_check,2,46,1.0369892472175317,1.2587876647725458,1.5269600731309283,1.4428571428571428
_popn_check,2,47,1.0469079074075873,1.2741294989469574,1.5562608519753585,1.457142857142857
_popn_check,2,48,1.0780975798199302,1.289887319615017,1.5390512275095298,1.4714285714285715
_popn_check,2,49,1.0690793276164194,1.2993825245654123,1.60368311729505,1.4857142857142858
_popn_check,2,50,1.0642276868046188,1.2978820789041494,1.578681283697257,1.5
_popn_check,2,51,1.0710971412675994,1.2881414724201552,1.5678907009441254,1.486
_popn_check,2,52,1.0518838379492583,1.2771248891583336,1.5380965959725201,1.472
_popn_check,2,53,1.0254797471850008,1.2721112182216054,1.5301777677323756,1.458
_popn_check,2,54,1.044258559258081,1.2620596095641357,1.527756986872945,1.444
_popn_check,2,55,1.0588767956544476,1.272367488984399,1.536315276131862,1.43
_popn_check,2,56,1.051524868519004,1.2673406005871481,1.5661598447330705,1.416
_popn_check,2,57,1.0128884114099486,1.2520962202098755,1.4956789058667241,1.402
_popn_check,2,58,0.9866138899979067,1.2231005492892018,1.4572635765186763,1.388
_popn_check,2,59,0.9466946367195125,1.2063675879762679,1.419954622371428,1.374
_popn_check,2,60,0.9699793595982973,1.1961981479217845,1.411027510458815,1.3599999999999999
_popn_check,2,61,0.9892343138465205,1.193239978962088,1.4259950829312,1.346
_popn_check,2,62,0.9936146355467178,1.1895266475608834,1.4321627797127556,1.332
_popn_check,2,63,0.983264475441639,1.1912148802794444,1.419368598971058,1.318
_popn_check,2,64,0.965279243070547,1.1680150201618638,1.405591770890257,1.304
_popn_check,2,65,0.9453603532649405,1.1477294058990162,1.3612821320449213,1.29
_popn_check,2,66,0.9181920751263475,1.1192644587204266,1.3402044858412148,1.276
_popn_check,2,67,0.893249273455768,1.106191525714894,1.3314538514807062,1.262
_popn_check,2,68,0.9331712196413022,1.10222607948335,1.338519173933819,1.248
_popn_check,2,69,0.929076679552153,1.1029109428231259,1.3364176609363214,1.234
_popn_check,2,70,0.924218026051898,1.092318938370454,1.3137166152319077,1.22
_popn_check,2,71,0.8783916059795015,1.0678784858889565,1.2738474182922228,1.206
_popn_check,2,72,0.8532626133444912,1.0482899402966166,1.2515336639799084,1.192
_popn_check,2,73,0.8233722629533547,1.0189842966712472,1.2358570359998573,1.178
_popn_check,2,74,0.8278415756537016,1.0099085968313322,1.1978848137055733,1.1640000000000001
_popn_check,2,75,0.8307278466513365,1.0101273199893424,1.2172447723598239,1.15
_popn_check,2,76,0.8380898465154422,1.00544020194159,1.2452458702907605,1.1360000000000001
_popn_check,2,77,0.8298623432653821,0.9934709298442205,1.2391254446348836,1.122
_popn_check,2,78,0.816514486811256,0.9750783773171514,1.1860758590404232,1.108
_popn_check,2,79,0.7897465056722653,0.9493433072488605,1.1548754163234114,1.094
_popn_check,2,80,0.766636627824889,0.924456946460525,1.1044892391308787,1.08
_popn_check,2,81,0.7497912298675311,0.9106880776548361,1.0767754415894535,1.066
_popn_check,2,82,0.7451340624509971,0.9003284869244741,1.1130087149244425,1.052
_popn_check,2,83,0.746118485403179,0.9025111598200528,1.0818430141011264,1.038
_popn_check,2,84,0.7379785029568017,0.8865390439933262,1.075736617876192,1.024
_popn_check,2,85,0.7063616486423732,0.8649175800601645,1.0398937071901508,1.01
_popn_check,2,86,0.6900064898454538,0.8516898729075078,1.0042558713410528,0.996
_popn_check,2,87,0.671068432904281,0.83293077681504,0.9818114911245849,0.982
_popn_check,2,88,0.6682605648686117,0.8237645127001383,0.9894166815909131,0.9680000000000001
_popn_check,2,89,0.6739569329412534,0.8262556783108712,0.9920760790727445,0.9540000000000001
_popn_check,2,90,0.6826994852102165,0.8223761036050118,1.0066184566213519,0.94
_popn_check,2,91,0.6844700250571099,0.8136278702949051,1.007674877503594,0.926
_popn_check,2,92,0.6691902070959364,0.805378463323341,0.9694710944563716,0.912
_popn_check,2,93,0.6632251950950339,0.7943635366555998,0.9489287461802308,0.898
_popn_check,2,94,0.6507567292446784,0.7810658489281064,0.9278815736622075,0.884
_popn_check,2,95,0.643603298048838,0.7830486916706489,0.9151732124370954,0.8700000000000001
_popn_check,2,96,0.6491585727365127,0.781266099198745,0.9342011212678291,0.8560000000000001
_popn_check,2,97,0.6495607982690677,0.783770569228376,0.9501771150230204,0.8420000000000001
_popn_check,2,98,0.6473847479382957,0.7846035323899834,0.9595367570144021,0.8280000000000001
_popn_check,2,99,0.6410070901113205,0.7737968577869117,0.9210814307478502,0.8140000000000001
_popn_check,2,100,0.62347337373953,0.7650742602309912,0.9184988264687727,0.8
_popn_check,2,101,0.6187102505139956,0.7635964703862919,0.90387755252501,0.8
_popn_check,2,102,0.626884525438719,0.7707708333157015,0.9259651715408952,0.8
_popn_check,2,103,0.6378444833263757,0.7843412611681919,0.9628438935938554,0.8
_popn_check,2,104,0.6582501503933412,0.8024015895696407,1.0041807212664946,0.8
_popn_check,2,105,0.6742467461972975,0.8111470265644455,1.014683165562551,0.8
_popn_check,2,106,0.666419599407198,0.8128386100217886,0.9996106211023856,0.8
_popn_check,2,107,0.6680839278168534,0.801431632225142,0.9542573429992124,0.8
_popn_check,2,108,0.6582686255640946,0.8040347163310817,0.9679235524504457,0.8
_popn_check,2,109,0.6585535161005238,0.8086347774218835,0.9675264915622472,0.8
_popn_check,2,110,0.6852270934364619,0.8224408247105945,0.9909515079017525,0.8
_popn_check,2,111,0.7015774791353296,0.8347095902788915,0.9999978953181136,0.8
_popn_check,2,112,0.7095306769774345,0.847402042552404,1.0287907259291422,0.8
_popn_check,2,113,0.6884370342131365,0.8515898087083885,1.030441665283836,0.8
_popn_check,2,114,0.7014843886105671,0.8505859688861604,1.0472374115038119,0.8
_popn_check,2,115,0.6863126494548044,0.8552389847129249,1.057371802526893,0.8
_popn_check,2,116,0.6865829600602558,0.8620983900969583,1.064391775886243,0.8
_popn_check,2,117,0.7277033542656453,0.871531795147322,1.0536145958915728,0.8
_popn_check,2,118,0.7375400818801925,0.8859057867387468,1.0898005947378093,0.8
_popn_check,2,119,0.739096456453086,0.8997283899509296,1.0985819035312028,0.8
_popn_check,2,120,0.7436400158318123,0.901604006649081,1.1222298666567099,0.8
_popn_check,2,121,0.7367068141341184,0.9014829251015357,1.1103610793380356,0.8
_popn_check,2,122,0.7305717065597016,0.8978318492935835,1.0946005548031303,0.8
_popn_check,2,123,0.7336988267859137,0.9027551902494291,1.082915906162972,0.8
_popn_check,2,124,0.7414803746856227,0.9177331023277854,1.106560962404741,0.8
_popn_check,2,125,0.7643821815914792,0.920909815841348,1.1226033991701714,0.8
_popn_check,2,126,0.7657231160810138,0.9281717609266416,1.1355056934720824,0.8
_popn_check,2,127,0.7664035075084324,0.9219836860200035,1.1244892552959973,0.8
_popn_check,2,128,0.7438692499661537,0.9150005294654854,1.1113104826294502,0.8
_popn_check,2,129,0.7251947072224056,0.9200816170721402,1.1082336463740974,0.8
_popn_check,2,130,0.7546553298997326,0.9287532811196031,1.1091842010920074,0.8
_popn_check,2,131,0.7694009882756031,0.9535030834712447,1.1531951119912096,0.8
_popn_check,2,132,0.8004320593455364,0.9662272764173377,1.1880870934776648,0.8
_popn_check,2,133,0.7847396382005397,0.9642987233012444,1.1974372179064607,0.8
_popn_check,2,134,0.7974609616092229,0.961150492875432,1.1959758922708452,0.8
_popn_check,2,135,0.7704453453282886,0.9467982986760528,1.1436298498663926,0.8
_popn_check,2,136,0.7444174055954391,0.9446032725914844,1.1420220318432983,0.8
_popn_check,2,137,0.7650426265256548,0.9410186697494696,1.1543522157733321,0.8
_popn_check,2,138,0.7831578363845467,0.9502524563315561,1.1466326355373206,0.8
_popn_check,2,139,0.8002752217693208,0.9517414026747577,1.1738186531117678,0.8
_popn_check,2,140,0.7866733941112551,0.9539910778219487,1.1924419107055062,0.8
_popn_check,2,141,0.7713688006543753,0.9450401418541832,1.1683257220209042,0.8
_popn_check,2,142,0.7612774185235075,0.9394587036080687,1.1440468786634732,0.8
_popn_check,2,143,0.740636634450218,0.9352654858391711,1.1383104838629745,0.8
_popn_check,2,144,0.7314276810217487,0.9289074956935558,1.1539805259652218,0.8
_popn_check,2,145,0.7365056421886964,0.9435787946710745,1.1962260759113321,0.8
_popn_check,2,146,0.7088635168696344,0.949913606396238,1.224057590204661,0.8
_popn_check,2,147,0.7144416270656224,0.9580752921301288,1.2388106934662522,0.8
_popn_check,2,148,0.719439963861075,0.9636619085696814,1.2782651083490977,0.8
_popn_check,2,149,0.7250266909864045,0.9675518099463758,1.280409924638206,0.8
_popn_check,2,150,0.7385020952132229,0.9761365340881835,1.281857709539039,0.8
_popn_check,3,1,0.4734895930692782,1.1282354158111922,2.204862810415959,0.8
_popn_check,3,2,0.5083008187616112,1.1490530147754585,2.0494528727271666,0.8142857142857143
_popn_check,3,3,0.5673968327758153,1.1139513121084554,1.9150688635562416,0.8285714285714286
_popn_check,3,4,0.5798332530231671,1.1064533391060356,1.8503718313171302,0.8428571428571429
_popn_check,3,5,0.601448690594082,1.0883601264562621,1.7451801994958034,0.8571428571428572
_popn_check,3,6,0.6087502145635153,1.0919680000600394,1.6849604843612473,0.8714285714285714
_popn_check,3,7,0.6188808178524624,1.0991417736149183,1.6312916214991346,0.8857142857142858
_popn_check,3,8,0.6373806866265722,1.1153731932451667,1.6274907531584717,0.9
_popn_check,3,9,0.6437202499823554,1.1254900947380317,1.604563279532249,0.9142857142857144
_popn_check,3,10,0.6553042927121457,1.114323141503111,1.5771256323182388,0.9285714285714286
_popn_check,3,11,0.6779356829467253,1.1202769243982265,1.5826459061329783,0.9428571428571428
_popn_check,3,12,0.6884765169263174,1.1186314746906514,1.5815739095024446,0.9571428571428572
_popn_check,3,13,0.7078913249025672,1.1279040867057823,1.525465975643942,0.9714285714285714
_popn_check,3,14,0.712462537569832,1.1259716408562153,1.5015379348861293,0.9857142857142858
_popn_check,3,15,0.7250242071340682,1.1232140199814467,1.5262690518965676,1.0
_popn_check,3,16,0.7309615172912193,1.133567592962985,1.5088978828789652,1.0142857142857142
_popn_check,3,17,0.7346303770467271,1.1184090354866285,1.5161538577170872,1.0285714285714287
_popn_check,3,18,0.7292669169165213,1.1315770829866465,1.503312237579862,1.042857142857143
_popn_check,3,19,0.7420433124027804,1.142588166451807,1.485388525389064,1.0571428571428572
_popn_check,3,20,0.7335743593237372,1.1397614732565844,1.490723124223774,1.0714285714285714
_popn_check,3,21,0.7442110697802444,1.1292885578578118,1.470040754268381,1.0857142857142859
_popn_check,3,22,0.7572235325252892,1.1398952241726215,1.4513454350583046,1.1
_popn_check,3,23,0.7740900725332858,1.1401619205918985,1.4684706195416786,1.1142857142857143
_popn_check,3,24,0.7635122795035258,1.163018727790702,1.479612382579102,1.1285714285714286
_popn_check,3,25,0.7831467580701595,1.1591203935018077,1.5030414951516886,1.1428571428571428
_popn_check,3,26,0.7872331225547357,1.1659158963714522,1.4681887532276892,1.1571428571428573
_popn_check,3,27,0.8086042551574286,1.1695361179261727,1.464096006356085,1.1714285714285715
_popn_check,3,28,0.8356826616893666,1.1696434091295722,1.4872390843916445,1.1857142857142857
_popn_check,3,29,0.8421762928790931,1.183119028475395,1.4469110534006016,1.2
_popn_check,3,30,0.837377173774295,1.1903735024299122,1.4599843078595565,1.2142857142857142
_popn_check,3,31,0.8596102754097635,1.1919649494461135,1.4536696565278848,1.2285714285714286
_popn_check,3,32,0.9130835728167552,1.2067304705599076,1.4595963760554502,1.2428571428571429
_popn_check,3,33,0.9545016887708204,1.2327818674035544,1.4441909362989287,1.2571428571428571
_popn_check,3,34,0.9922949876805022,1.265871344450662,1.469556437271031,1.2714285714285714
_popn_check,3,35,1.0134438115979298,1.2864087354828007,1.502143094628948,1.2857142857142856
_popn_check,3,36,1.019123968599257,1.2516402317325368,1.5228069976791085,1.3
_popn_check,3,37,1.027680201949864,1.305478289078159,1.502643924830679,1.3142857142857143
_popn_check,3,38,1.0285644598100927,1.306725398852099,1.5066089364531423,1.3285714285714287
_popn_check,3,39,1.056735339863597,1.3317370889230389,1.52620564881288,1.342857142857143
_popn_check,3,40,1.0944568105507808,1.3531507017648452,1.5438326281682746,1.3571428571428572
_popn_check,3,41,1.121605230024077,1.3501738928181741,1.628766686131356,1.3714285714285714
_popn_check,3,42,1.1289147227098384,1.3163555664931896,1.6599454033751315,1.3857142857142857
_popn_check,3,43,1.1386256354021278,1.3285458969965425,1.6475233700046985,1.4
_popn_check,3,44,1.1211379053661588,1.351206899778995,1.6178082658108148,1.4142857142857141
_popn_check,3,45,1.1175314975885149,1.3180750112839004,1.6182477122305439,1.4285714285714286
_popn_check,3,46,1.10516252163022,1.3363055306586784,1.6085597563245178,1.4428571428571428
_popn_check,3,47,1.1399075300583537,1.3038998954450265,1.6194380782873288,1.457142857142857
_popn_check,3,48,1.1538559778697783,1.3179231479558113,1.6178999678189558,1.4714285714285715
_popn_check,3,49,1.136885721414531,1.3074552265872068,1.5994678337727148,1.4857142857142858
_popn_check,3,50,1.1231524066421306,1.3228941598914274,1.5883575385075754,1.5
_popn_check,3,51,1.1109852961193412,1.2777241822271164,1.5422344998606456,1.486
_popn_check,3,52,1.0846301955307993,1.2837505013895267,1.5152140651053267,1.472
_popn_check,3,53,1.0567157968431826,1.274994059334725,1.5095997269903727,1.458
_popn_check,3,54,1.0641337675275795,1.239090432208141,1.4907759547589974,1.444
_popn_check,3,55,1.0592490322506491,1.2657909453390963,1.5050078354080856,1.43
_popn_check,3,56,1.0454048151633555,1.231561714226581,1.4914522977414062,1.416
_popn_check,3,57,1.0329780205269659,1.1994929553432536,1.4762112639821539,1.402
_popn_check,3,58,0.9993729002925257,1.1705947219143225,1.426368345649887,1.388
_popn_check,3,59,0.9629546261544255,1.1586904345100966,1.4078363981423219,1.374
_popn_check,3,60,0.9580410598551953,1.1695958506699538,1.3828216071797121,1.3599999999999999
_popn_check,3,61,0.98955058284513,1.1759823294783303,1.3811121195455154,1.346
_popn_check,3,62,0.9940049043636983,1.1982364513364154,1.373618206106835,1.332
_popn_check,3,63,0.9880467383382577,1.1936338732462817,1.3825765637143415,1.318
_popn_check,3,64,0.9648465803639743,1.17627696973589,1.3798418520836742,1.304
_popn_check,3,65,0.9471573894936727,1.1492082859588293,1.3210656095531967,1.29
_popn_check,3,66,0.9323429885870317,1.1303423464117515,1.299009965963837,1.276
_popn_check,3,67,0.9233971245375273,1.1170696220609657,1.2966983492938984,1.262
_popn_check,3,68,0.9309417338371876,1.0537069723540808,1.2765829215171813,1.248
_popn_check,3,69,0.9265706297723931,1.051936251279494,1.300162121832721,1.234
_popn_check,3,70,0.9002737229187755,1.0366208460029753,1.2904841049719507,1.22
_popn_check,3,71,0.8516394220831651,1.0114305803332428,1.2606661796824044,1.206
_popn_check,3,72,0.826880630046047,1.0247972604772488,1.2044006910860225,1.192
_popn_check,3,73,0.8080656125005392,1.0192983816387864,1.1521884686885895,1.178
_popn_check,3,74,0.7882247937865408,1.0060262749177176,1.1508048191254647,1.1640000000000001
_popn_check,3,75,0.8032564155591593,0.9967356878943329,1.1507534506722596,1.15
_popn_check,3,76,0.822848149374914,0.9880907710256963,1.1159017955302983,1.1360000000000001
_popn_check,3,77,0.8082927457657143,0.9653136058599538,1.1376817547387765,1.122
_popn_check,3,78,0.7956973012839214,0.9254031392187853,1.1196557036308912,1.108
_popn_check,3,79,0.7883714512879352,0.9403654512868472,1.0950460204978343,1.094
_popn_check,3,80,0.7628888193286136,0.9393899990249034,1.0652183621608724,1.08
_popn_check,3,81,0.7496737840070992,0.9249691708204992,1.077864627258597,1.066
_popn_check,3,82,0.7640460673649464,0.9278033375436519,1.08306257999749,1.052
_popn_check,3,83,0.7693016372382071,0.9324184367691963,1.0828508461246604,1.038
_popn_check,3,84,0.7664171722894622,0.9140418881639328,1.086357754535301,1.024
_popn_check,3,85,0.7297976920676044,0.8821974984913343,1.0542308718127797,1.01
_popn_check,3,86,0.7083359708364654,0.8793180114376659,1.0283323784145084,0.996
_popn_check,3,87,0.6857588740716732,0.8402138720325657,0.9918845407667256,0.982
_popn_check,3,88,0.6808452637464295,0.8164681447838775,0.9668449019277259,0.9680000000000001
_popn_check,3,89,0.6977147043687133,0.8009495108227829,0.9591086040932992,0.9540000000000001
_popn_check,3,90,0.6864357944877495,0.8268596572226485,0.9757505177970865,0.94
_popn_check,3,91,0.6947832861241858,0.8186084088466908,0.9726877095574433,0.926
_popn_check,3,92,0.679372368769767,0.7960153262199483,0.9778622814536697,0.912
_popn_check,3,93,0.669626595281747,0.7942727441612645,0.927469043307686,0.898
_popn_check,3,94,0.658917855314836,0.7709315750487231,0.9325350001879232,0.884
_popn_check,3,95,0.6547079997399169,0.7637022078472407,0.9112448363388443,0.8700000000000001
_popn_check,3,96,0.6580828939961627,0.7619015922862659,0.9234388050842419,0.8560000000000001
_popn_check,3,97,0.6582546026326005,0.7612500870989438,0.9288186002750479,0.8420000000000001
_popn_check,3,98,0.645957666625393,0.7620161497900588,0.9154531032447041,0.8280000000000001
_popn_check,3,99,0.6319654719943993,0.7463281572068577,0.9125388899961625,0.8140000000000001
_popn_check,3,100,0.6258886100360922,0.7471549146704983,0.8921138447356385,0.8
_popn_check,3,101,0.6217672130916542,0.7743041337967369,0.8875379327053097,0.8
_popn_check,3,102,0.6234102675816746,0.7674986426487977,0.8963471128107205,0.8
_popn_check,3,103,0.6344016615771458,0.7847521767709859,0.9068255655725059,0.8
_popn_check,3,104,0.6628436729187179,0.8056406837647452,0.9481023156622234,0.8
_popn_check,3,105,0.6752022617211879,0.7890729287133773,0.9579067941718641,0.8
_popn_check,3,106,0.6662889304653826,0.8036167806097323,0.9521089351197665,0.8
_popn_check,3,107,0.6769914671208183,0.7877820462404717,0.9740127347846657,0.8
_popn_check,3,108,0.6843903018443921,0.7960024445472719,0.9720077602482261,0.8
_popn_check,3,109,0.7049546296064791,0.8367028329311887,0.9916010751205537,0.8
_popn_check,3,110,0.7209470598757225,0.8735353598462913,1.0167377663839938,0.8
_popn_check,3,111,0.7419712293288369,0.8756546720553615,1.0366071287735983,0.8
_popn_check,3,112,0.7344067470069312,0.8441838987390369,1.0601144351498433,0.8
_popn_check,3,113,0.7420179054384164,0.8444771157091404,1.0747783946128733,0.8
_popn_check,3,114,0.7347590219224348,0.8423573067610562,1.0577710037421566,0.8
_popn_check,3,115,0.7344656287083207,0.8547072403539439,1.0489231718022276,0.8
_popn_check,3,116,0.7398577620743453,0.8721229649101769,1.0319277560904143,0.8
_popn_check,3,117,0.7478229159904889,0.8994859969035434,1.0379908465573033,0.8
_popn_check,3,118,0.7335020398474129,0.8936209974693428,1.0629945093726807,0.8
_popn_check,3,119,0.7342179939816713,0.8574198708699097,1.0458138518151188,0.8
_popn_check,3,120,0.7115981346330528,0.8615221197272278,1.0148684696135668,0.8
_popn_check,3,121,0.6890823455507978,0.8503782047038221,0.9771350137713248,0.8
_popn_check,3,122,0.6794281745959679,0.8424851216563354,0.9805024115328841,0.8
_popn_check,3,123,0.6830348662498221,0.8371166776405262,0.9811865729210605,0.8
_popn_check,3,124,0.6841855336618757,0.8654318559796557,0.9949178186837118,0.8
_popn_check,3,125,0.7138208379274604,0.8933590842617956,1.0080063031461683,0.8
_popn_check,3,126,0.7218108983309077,0.901500279558906,1.0323555726950147,0.8
_popn_check,3,127,0.7188472593897262,0.9062220854789491,1.050060831516574,0.8
_popn_check,3,128,0.7294723345251594,0.8959703607226992,1.0449360346138676,0.8
_popn_check,3,129,0.7434272393615571,0.8982314524558468,1.0229119725911047,0.8
_popn_check,3,130,0.744721798429974,0.9097706121135034,1.0583304388859043,0.8
_popn_check,3,131,0.7510763454202469,0.9141409218333099,1.0801776845918991,0.8
_popn_check,3,132,0.7661678927356306,0.9015524661423179,1.1042842318636703,0.8
_popn_check,3,133,0.7711733773923646,0.9071892271852331,1.1151884167461887,0.8
_popn_check,3,134,0.7711540641758903,0.9256932620333984,1.1247227152546757,0.8
_popn_check,3,135,0.766246358822644,0.9435394860984463,1.1072981157134307,0.8
_popn_check,3,136,0.7656666699426707,0.9472156285959591,1.109785708798936,0.8
_popn_check,3,137,0.7659705546986499,0.950004566486991,1.1178445690481122,0.8
_popn_check,3,138,0.7982185718777374,0.9564194463653521,1.132839969148531,0.8
_popn_check,3,139,0.8008231745903301,0.9434108714336945,1.1272387200767917,0.8
_popn_check,3,140,0.8029892615819415,0.9402762390133388,1.136099597089707,0.8
_popn_check,3,141,0.7951629872741379,0.9318750484663021,1.1457243133834427,0.8
_popn_check,3,142,0.7731787643856768,0.915950483941519,1.147377151079898,0.8
_popn_check,3,143,0.7581777262396857,0.9183705897627674,1.144466245634179,0.8
_popn_check,3,144,0.7559847446229285,0.8985840549712734,1.1455742176252315,0.8
_popn_check,3,145,0.7554857974745786,0.9094887487332681,1.1874098180209252,0.8
_popn_check,3,146,0.74605661331804,0.94756941666439,1.2197482603550747,0.8
_popn_check,3,147,0.732489464042079,1.0038280735671952,1.275378684064784,0.8
_popn_check,3,148,0.7306216571569211,0.9741556614535953,1.3049059492160542,0.8
_popn_check,3,149,0.7303118243232142,0.935082302944064,1.2915276410370173,0.8
_popn_check,3,150,0.7236958921566974,0.9367245360819736,1.325313086848711,0.8
